source,venue,data_type,symbol,date,rows
binance_trades,binance,trades,btcusdt,2025-12-01,6767867
binance_trades,binance,trades,btcusdt,2025-12-02,5320364
binance_trades,binance,trades,btcusdt,2025-12-03,5434899
binance_trades,binance,trades,btcusdt,2025-12-04,4163902
binance_trades,binance,trades,btcusdt,2025-12-05,4515266
binance_trades,binance,trades,btcusdt,2025-12-06,1591698
binance_trades,binance,trades,btcusdt,2025-12-07,3338858
binance_trades,binance,trades,btcusdt,2025-12-08,4053713
binance_trades,binance,trades,btcusdt,2025-12-09,4479556
binance_trades,binance,trades,btcusdt,2025-12-10,4231885
binance_trades,binance,trades,btcusdt,2025-12-11,4805321
binance_trades,binance,trades,btcusdt,2025-12-12,3756330
binance_trades,binance,trades,btcusdt,2025-12-13,932723
binance_trades,binance,trades,btcusdt,2025-12-14,2328825
binance_trades,binance,trades,btcusdt,2025-12-15,4934205
binance_trades,binance,trades,btcusdt,2025-12-16,4227432
binance_trades,binance,trades,btcusdt,2025-12-17,5781931
binance_trades,binance,trades,btcusdt,2025-12-18,6086801
binance_trades,binance,trades,btcusdt,2025-12-19,5033784
binance_trades,binance,trades,btcusdt,2025-12-20,923867
binance_trades,binance,trades,btcusdt,2025-12-21,1874833
binance_trades,binance,trades,btcusdt,2025-12-22,4177410
binance_trades,binance,trades,btcusdt,2025-12-23,3475721
binance_trades,binance,trades,btcusdt,2025-12-24,2265486
binance_trades,binance,trades,btcusdt,2025-12-25,1544627
binance_trades,binance,trades,btcusdt,2025-12-26,3606962
binance_trades,binance,trades,btcusdt,2025-12-27,702865
binance_trades,binance,trades,btcusdt,2025-12-28,886145
binance_trades,binance,trades,btcusdt,2025-12-29,3903584
binance_trades,binance,trades,btcusdt,2025-12-30,2751658
binance_trades,binance,trades,btcusdt,2025-12-31,2109520
binance_trades,binance,trades,btcusdt,2026-01-01,1056983
binance_trades,binance,trades,btcusdt,2026-01-02,3761809
binance_trades,binance,trades,btcusdt,2026-01-03,1281323
binance_trades,binance,trades,btcusdt,2026-01-04,1754310
binance_trades,binance,trades,btcusdt,2026-01-05,4065751
binance_trades,binance,trades,btcusdt,2026-01-06,3600127
binance_trades,binance,trades,btcusdt,2026-01-07,3128471
binance_trades,binance,trades,btcusdt,2026-01-08,3683212
binance_trades,binance,trades,btcusdt,2026-01-09,3326504
binance_trades,binance,trades,btcusdt,2026-01-10,599776
binance_trades,binance,trades,btcusdt,2026-01-11,1038353
binance_trades,binance,trades,btcusdt,2026-01-12,3781259
binance_trades,binance,trades,btcusdt,2026-01-13,4315548
binance_trades,binance,trades,btcusdt,2026-01-14,4348837
binance_trades,binance,trades,btcusdt,2026-01-15,3798583
binance_trades,binance,trades,btcusdt,2026-01-16,2400862
binance_trades,binance,trades,btcusdt,2026-01-17,818622
binance_trades,binance,trades,btcusdt,2026-01-18,1329656
binance_trades,binance,trades,btcusdt,2026-01-19,2825417
binance_trades,binance,trades,btcusdt,2026-01-20,4631076
binance_trades,binance,trades,btcusdt,2026-01-21,5516112
binance_trades,binance,trades,btcusdt,2026-01-22,3188220
binance_trades,binance,trades,btcusdt,2026-01-23,3316204
binance_trades,binance,trades,btcusdt,2026-01-24,704903
binance_trades,binance,trades,btcusdt,2026-01-25,2890811
binance_trades,binance,trades,btcusdt,2026-01-26,3655855
binance_trades,binance,trades,btcusdt,2026-01-27,3132674
binance_trades,binance,trades,btcusdt,2026-01-28,3491626
binance_trades,binance,trades,btcusdt,2026-01-29,5246035
binance_trades,binance,trades,btcusdt,2026-01-30,7256125
binance_trades,binance,trades,btcusdt,2026-01-31,7436381
binance_trades,binance,trades,btcusdt,2026-02-01,6759515
binance_trades,binance,trades,btcusdt,2026-02-02,10355996
binance_trades,binance,trades,btcusdt,2026-02-03,8903914
binance_trades,binance,trades,btcusdt,2026-02-04,9145452
binance_trades,binance,trades,btcusdt,2026-02-05,19580992
binance_trades,binance,trades,btcusdt,2026-02-06,16332895
binance_trades,binance,trades,btcusdt,2026-02-07,8784245
binance_trades,binance,trades,btcusdt,2026-02-08,5758737
binance_trades,binance,trades,btcusdt,2026-02-09,7998760
binance_trades,binance,trades,btcusdt,2026-02-10,6232152
binance_trades,binance,trades,btcusdt,2026-02-11,8361305
binance_trades,binance,trades,btcusdt,2026-02-12,6480831
binance_trades,binance,trades,btcusdt,2026-02-13,5506415
binance_trades,binance,trades,btcusdt,2026-02-14,3100721
binance_trades,binance,trades,btcusdt,2026-02-15,4131070
binance_trades,binance,trades,btcusdt,2026-02-16,4281078
binance_trades,binance,trades,btcusdt,2026-02-17,4735651
binance_trades,binance,trades,btcusdt,2026-02-18,4414934
binance_trades,binance,trades,btcusdt,2026-02-19,4243601
binance_trades,binance,trades,btcusdt,2026-02-20,5164151
binance_trades,binance,trades,btcusdt,2026-02-21,1846628
binance_trades,binance,trades,btcusdt,2026-02-22,1863180
binance_trades,binance,trades,btcusdt,2026-02-23,6626614
binance_trades,binance,trades,btcusdt,2026-02-24,5758443
binance_trades,binance,trades,btcusdt,2026-02-25,6996826
binance_trades,binance,trades,btcusdt,2026-02-26,5337518
binance_trades,binance,trades,btcusdt,2026-02-27,5402230
binance_trades,binance,trades,btcusdt,2026-02-28,6409196
binance_booktickers,binance,bbo,btcusdt,2025-12-01,1322826
binance_booktickers,binance,bbo,btcusdt,2025-12-02,1225630
binance_booktickers,binance,bbo,btcusdt,2025-12-03,1238214
binance_booktickers,binance,bbo,btcusdt,2025-12-04,1162876
binance_booktickers,binance,bbo,btcusdt,2025-12-05,1186973
binance_booktickers,binance,bbo,btcusdt,2025-12-06,889560
binance_booktickers,binance,bbo,btcusdt,2025-12-07,1047802
binance_booktickers,binance,bbo,btcusdt,2025-12-08,1140764
binance_booktickers,binance,bbo,btcusdt,2025-12-09,1150554
binance_booktickers,binance,bbo,btcusdt,2025-12-10,1171667
binance_booktickers,binance,bbo,btcusdt,2025-12-11,1251127
binance_booktickers,binance,bbo,btcusdt,2025-12-12,1183462
binance_booktickers,binance,bbo,btcusdt,2025-12-13,1085864
binance_booktickers,binance,bbo,btcusdt,2025-12-14,984571
binance_booktickers,binance,bbo,btcusdt,2025-12-15,1179387
binance_booktickers,binance,bbo,btcusdt,2025-12-16,1173703
binance_booktickers,binance,bbo,btcusdt,2025-12-17,1191468
binance_booktickers,binance,bbo,btcusdt,2025-12-18,1272992
binance_booktickers,binance,bbo,btcusdt,2025-12-19,1189351
binance_booktickers,binance,bbo,btcusdt,2025-12-20,836927
binance_booktickers,binance,bbo,btcusdt,2025-12-21,912813
binance_booktickers,binance,bbo,btcusdt,2025-12-22,1106985
binance_booktickers,binance,bbo,btcusdt,2025-12-23,1072176
binance_booktickers,binance,bbo,btcusdt,2025-12-24,950966
binance_booktickers,binance,bbo,btcusdt,2025-12-25,834581
binance_booktickers,binance,bbo,btcusdt,2025-12-26,998588
binance_booktickers,binance,bbo,btcusdt,2025-12-27,830999
binance_booktickers,binance,bbo,btcusdt,2025-12-28,779933
binance_booktickers,binance,bbo,btcusdt,2025-12-29,1104650
binance_booktickers,binance,bbo,btcusdt,2025-12-30,973120
binance_booktickers,binance,bbo,btcusdt,2025-12-31,1066724
binance_booktickers,binance,bbo,btcusdt,2026-01-01,809044
binance_booktickers,binance,bbo,btcusdt,2026-01-02,1103705
binance_booktickers,binance,bbo,btcusdt,2026-01-03,808542
binance_booktickers,binance,bbo,btcusdt,2026-01-04,872650
binance_booktickers,binance,bbo,btcusdt,2026-01-05,1200139
binance_booktickers,binance,bbo,btcusdt,2026-01-06,1108481
binance_booktickers,binance,bbo,btcusdt,2026-01-07,1056244
binance_booktickers,binance,bbo,btcusdt,2026-01-08,1189187
binance_booktickers,binance,bbo,btcusdt,2026-01-09,1085379
binance_booktickers,binance,bbo,btcusdt,2026-01-10,798533
binance_booktickers,binance,bbo,btcusdt,2026-01-11,903265
binance_booktickers,binance,bbo,btcusdt,2026-01-12,1103381
binance_booktickers,binance,bbo,btcusdt,2026-01-13,1121508
binance_booktickers,binance,bbo,btcusdt,2026-01-14,1166628
binance_booktickers,binance,bbo,btcusdt,2026-01-15,1129648
binance_booktickers,binance,bbo,btcusdt,2026-01-16,1013095
binance_booktickers,binance,bbo,btcusdt,2026-01-17,682900
binance_booktickers,binance,bbo,btcusdt,2026-01-18,750620
binance_booktickers,binance,bbo,btcusdt,2026-01-19,985140
binance_booktickers,binance,bbo,btcusdt,2026-01-20,1166419
binance_booktickers,binance,bbo,btcusdt,2026-01-21,1230622
binance_booktickers,binance,bbo,btcusdt,2026-01-22,1093456
binance_booktickers,binance,bbo,btcusdt,2026-01-23,1090157
binance_booktickers,binance,bbo,btcusdt,2026-01-24,765583
binance_booktickers,binance,bbo,btcusdt,2026-01-25,1028041
binance_booktickers,binance,bbo,btcusdt,2026-01-26,1128609
binance_booktickers,binance,bbo,btcusdt,2026-01-27,1086508
binance_booktickers,binance,bbo,btcusdt,2026-01-28,1131570
binance_booktickers,binance,bbo,btcusdt,2026-01-29,1119994
binance_booktickers,binance,bbo,btcusdt,2026-01-30,1252008
binance_booktickers,binance,bbo,btcusdt,2026-01-31,1155697
binance_booktickers,binance,bbo,btcusdt,2026-02-01,1216593
binance_booktickers,binance,bbo,btcusdt,2026-02-02,1343749
binance_booktickers,binance,bbo,btcusdt,2026-02-03,1267153
binance_booktickers,binance,bbo,btcusdt,2026-02-04,1270325
binance_booktickers,binance,bbo,btcusdt,2026-02-05,1533586
binance_booktickers,binance,bbo,btcusdt,2026-02-06,1520095
binance_booktickers,binance,bbo,btcusdt,2026-02-07,1296477
binance_booktickers,binance,bbo,btcusdt,2026-02-08,1162866
binance_booktickers,binance,bbo,btcusdt,2026-02-09,1306207
binance_booktickers,binance,bbo,btcusdt,2026-02-10,1188253
binance_booktickers,binance,bbo,btcusdt,2026-02-11,1277783
binance_booktickers,binance,bbo,btcusdt,2026-02-12,1215859
binance_booktickers,binance,bbo,btcusdt,2026-02-13,1174329
binance_booktickers,binance,bbo,btcusdt,2026-02-14,1007236
binance_booktickers,binance,bbo,btcusdt,2026-02-15,1062775
binance_booktickers,binance,bbo,btcusdt,2026-02-16,1169816
binance_booktickers,binance,bbo,btcusdt,2026-02-17,1148050
binance_booktickers,binance,bbo,btcusdt,2026-02-18,1099472
binance_booktickers,binance,bbo,btcusdt,2026-02-19,1131838
binance_booktickers,binance,bbo,btcusdt,2026-02-20,1137479
binance_booktickers,binance,bbo,btcusdt,2026-02-21,811733
binance_booktickers,binance,bbo,btcusdt,2026-02-22,902295
binance_booktickers,binance,bbo,btcusdt,2026-02-23,1273054
binance_booktickers,binance,bbo,btcusdt,2026-02-24,1213688
binance_booktickers,binance,bbo,btcusdt,2026-02-25,1284138
binance_booktickers,binance,bbo,btcusdt,2026-02-26,1171579
binance_booktickers,binance,bbo,btcusdt,2026-02-27,1171650
binance_booktickers,binance,bbo,btcusdt,2026-02-28,1157393
binance_liquidations,binance,liquidations,btcusdt,2025-12-01,2922
binance_liquidations,binance,liquidations,btcusdt,2025-12-02,1645
binance_liquidations,binance,liquidations,btcusdt,2025-12-03,1767
binance_liquidations,binance,liquidations,btcusdt,2025-12-04,1289
binance_liquidations,binance,liquidations,btcusdt,2025-12-05,1516
binance_liquidations,binance,liquidations,btcusdt,2025-12-06,565
binance_liquidations,binance,liquidations,btcusdt,2025-12-07,1175
binance_liquidations,binance,liquidations,btcusdt,2025-12-08,1114
binance_liquidations,binance,liquidations,btcusdt,2025-12-09,1398
binance_liquidations,binance,liquidations,btcusdt,2025-12-10,1163
binance_liquidations,binance,liquidations,btcusdt,2025-12-11,1631
binance_liquidations,binance,liquidations,btcusdt,2025-12-12,999
binance_liquidations,binance,liquidations,btcusdt,2025-12-13,348
binance_liquidations,binance,liquidations,btcusdt,2025-12-14,909
binance_liquidations,binance,liquidations,btcusdt,2025-12-15,1842
binance_liquidations,binance,liquidations,btcusdt,2025-12-16,1199
binance_liquidations,binance,liquidations,btcusdt,2025-12-17,1642
binance_liquidations,binance,liquidations,btcusdt,2025-12-18,1554
binance_liquidations,binance,liquidations,btcusdt,2025-12-19,1239
binance_liquidations,binance,liquidations,btcusdt,2025-12-20,252
binance_liquidations,binance,liquidations,btcusdt,2025-12-21,640
binance_liquidations,binance,liquidations,btcusdt,2025-12-22,1040
binance_liquidations,binance,liquidations,btcusdt,2025-12-23,885
binance_liquidations,binance,liquidations,btcusdt,2025-12-24,617
binance_liquidations,binance,liquidations,btcusdt,2025-12-25,483
binance_liquidations,binance,liquidations,btcusdt,2025-12-26,824
binance_liquidations,binance,liquidations,btcusdt,2025-12-27,198
binance_liquidations,binance,liquidations,btcusdt,2025-12-28,248
binance_liquidations,binance,liquidations,btcusdt,2025-12-29,1141
binance_liquidations,binance,liquidations,btcusdt,2025-12-30,638
binance_liquidations,binance,liquidations,btcusdt,2025-12-31,722
binance_liquidations,binance,liquidations,btcusdt,2026-01-01,442
binance_liquidations,binance,liquidations,btcusdt,2026-01-02,1070
binance_liquidations,binance,liquidations,btcusdt,2026-01-03,425
binance_liquidations,binance,liquidations,btcusdt,2026-01-04,556
binance_liquidations,binance,liquidations,btcusdt,2026-01-05,1278
binance_liquidations,binance,liquidations,btcusdt,2026-01-06,1281
binance_liquidations,binance,liquidations,btcusdt,2026-01-07,964
binance_liquidations,binance,liquidations,btcusdt,2026-01-08,1192
binance_liquidations,binance,liquidations,btcusdt,2026-01-09,910
binance_liquidations,binance,liquidations,btcusdt,2026-01-10,166
binance_liquidations,binance,liquidations,btcusdt,2026-01-11,337
binance_liquidations,binance,liquidations,btcusdt,2026-01-12,992
binance_liquidations,binance,liquidations,btcusdt,2026-01-13,1073
binance_liquidations,binance,liquidations,btcusdt,2026-01-14,1403
binance_liquidations,binance,liquidations,btcusdt,2026-01-15,1042
binance_liquidations,binance,liquidations,btcusdt,2026-01-16,635
binance_liquidations,binance,liquidations,btcusdt,2026-01-17,275
binance_liquidations,binance,liquidations,btcusdt,2026-01-18,495
binance_liquidations,binance,liquidations,btcusdt,2026-01-19,787
binance_liquidations,binance,liquidations,btcusdt,2026-01-20,1450
binance_liquidations,binance,liquidations,btcusdt,2026-01-21,1538
binance_liquidations,binance,liquidations,btcusdt,2026-01-22,776
binance_liquidations,binance,liquidations,btcusdt,2026-01-23,845
binance_liquidations,binance,liquidations,btcusdt,2026-01-24,210
binance_liquidations,binance,liquidations,btcusdt,2026-01-25,1123
binance_liquidations,binance,liquidations,btcusdt,2026-01-26,924
binance_liquidations,binance,liquidations,btcusdt,2026-01-27,799
binance_liquidations,binance,liquidations,btcusdt,2026-01-28,745
binance_liquidations,binance,liquidations,btcusdt,2026-01-29,1732
binance_liquidations,binance,liquidations,btcusdt,2026-01-30,2124
binance_liquidations,binance,liquidations,btcusdt,2026-01-31,2466
binance_liquidations,binance,liquidations,btcusdt,2026-02-01,2125
binance_liquidations,binance,liquidations,btcusdt,2026-02-02,2206
binance_liquidations,binance,liquidations,btcusdt,2026-02-03,2541
binance_liquidations,binance,liquidations,btcusdt,2026-02-04,2391
binance_liquidations,binance,liquidations,btcusdt,2026-02-05,5650
binance_liquidations,binance,liquidations,btcusdt,2026-02-06,4862
binance_liquidations,binance,liquidations,btcusdt,2026-02-07,2366
binance_liquidations,binance,liquidations,btcusdt,2026-02-08,1520
binance_liquidations,binance,liquidations,btcusdt,2026-02-09,1796
binance_liquidations,binance,liquidations,btcusdt,2026-02-10,1392
binance_liquidations,binance,liquidations,btcusdt,2026-02-11,2250
binance_liquidations,binance,liquidations,btcusdt,2026-02-12,1712
binance_liquidations,binance,liquidations,btcusdt,2026-02-13,1400
binance_liquidations,binance,liquidations,btcusdt,2026-02-14,991
binance_liquidations,binance,liquidations,btcusdt,2026-02-15,1191
binance_liquidations,binance,liquidations,btcusdt,2026-02-16,1108
binance_liquidations,binance,liquidations,btcusdt,2026-02-17,1140
binance_liquidations,binance,liquidations,btcusdt,2026-02-18,1134
binance_liquidations,binance,liquidations,btcusdt,2026-02-19,1034
binance_liquidations,binance,liquidations,btcusdt,2026-02-20,1019
binance_liquidations,binance,liquidations,btcusdt,2026-02-21,398
binance_liquidations,binance,liquidations,btcusdt,2026-02-22,420
binance_liquidations,binance,liquidations,btcusdt,2026-02-23,1811
binance_liquidations,binance,liquidations,btcusdt,2026-02-24,1570
binance_liquidations,binance,liquidations,btcusdt,2026-02-25,1928
binance_liquidations,binance,liquidations,btcusdt,2026-02-26,1421
binance_liquidations,binance,liquidations,btcusdt,2026-02-27,1303
binance_liquidations,binance,liquidations,btcusdt,2026-02-28,1916
bybit_liquidations,bybit,liquidations,btcusdt,2025-12-01,7042
bybit_liquidations,bybit,liquidations,btcusdt,2025-12-02,3025
bybit_liquidations,bybit,liquidations,btcusdt,2025-12-03,2702
bybit_liquidations,bybit,liquidations,btcusdt,2025-12-04,1555
bybit_liquidations,bybit,liquidations,btcusdt,2025-12-05,2640
bybit_liquidations,bybit,liquidations,btcusdt,2025-12-06,551
bybit_liquidations,bybit,liquidations,btcusdt,2025-12-07,2311
bybit_liquidations,bybit,liquidations,btcusdt,2025-12-08,1199
bybit_liquidations,bybit,liquidations,btcusdt,2025-12-09,2070
bybit_liquidations,bybit,liquidations,btcusdt,2025-12-10,1555
bybit_liquidations,bybit,liquidations,btcusdt,2025-12-11,2689
bybit_liquidations,bybit,liquidations,btcusdt,2025-12-12,1301
bybit_liquidations,bybit,liquidations,btcusdt,2025-12-13,205
bybit_liquidations,bybit,liquidations,btcusdt,2025-12-14,2268
bybit_liquidations,bybit,liquidations,btcusdt,2025-12-15,4277
bybit_liquidations,bybit,liquidations,btcusdt,2025-12-16,1560
bybit_liquidations,bybit,liquidations,btcusdt,2025-12-17,3247
bybit_liquidations,bybit,liquidations,btcusdt,2025-12-18,3231
bybit_liquidations,bybit,liquidations,btcusdt,2025-12-19,1863
bybit_liquidations,bybit,liquidations,btcusdt,2025-12-20,145
bybit_liquidations,bybit,liquidations,btcusdt,2025-12-21,696
bybit_liquidations,bybit,liquidations,btcusdt,2025-12-22,1759
bybit_liquidations,bybit,liquidations,btcusdt,2025-12-23,1374
bybit_liquidations,bybit,liquidations,btcusdt,2025-12-24,723
bybit_liquidations,bybit,liquidations,btcusdt,2025-12-25,610
bybit_liquidations,bybit,liquidations,btcusdt,2025-12-26,1179
bybit_liquidations,bybit,liquidations,btcusdt,2025-12-27,95
bybit_liquidations,bybit,liquidations,btcusdt,2025-12-28,136
bybit_liquidations,bybit,liquidations,btcusdt,2025-12-29,1857
bybit_liquidations,bybit,liquidations,btcusdt,2025-12-30,726
bybit_liquidations,bybit,liquidations,btcusdt,2025-12-31,712
bybit_liquidations,bybit,liquidations,btcusdt,2026-01-01,266
bybit_liquidations,bybit,liquidations,btcusdt,2026-01-02,1636
bybit_liquidations,bybit,liquidations,btcusdt,2026-01-03,403
bybit_liquidations,bybit,liquidations,btcusdt,2026-01-04,955
bybit_liquidations,bybit,liquidations,btcusdt,2026-01-05,3107
bybit_liquidations,bybit,liquidations,btcusdt,2026-01-06,1858
bybit_liquidations,bybit,liquidations,btcusdt,2026-01-07,1146
bybit_liquidations,bybit,liquidations,btcusdt,2026-01-08,1922
bybit_liquidations,bybit,liquidations,btcusdt,2026-01-09,1148
bybit_liquidations,bybit,liquidations,btcusdt,2026-01-10,44
bybit_liquidations,bybit,liquidations,btcusdt,2026-01-11,289
bybit_liquidations,bybit,liquidations,btcusdt,2026-01-12,1270
bybit_liquidations,bybit,liquidations,btcusdt,2026-01-13,3730
bybit_liquidations,bybit,liquidations,btcusdt,2026-01-14,2091
bybit_liquidations,bybit,liquidations,btcusdt,2026-01-15,1211
bybit_liquidations,bybit,liquidations,btcusdt,2026-01-16,715
bybit_liquidations,bybit,liquidations,btcusdt,2026-01-17,95
bybit_liquidations,bybit,liquidations,btcusdt,2026-01-18,1137
bybit_liquidations,bybit,liquidations,btcusdt,2026-01-19,2456
bybit_liquidations,bybit,liquidations,btcusdt,2026-01-20,5797
bybit_liquidations,bybit,liquidations,btcusdt,2026-01-21,2888
bybit_liquidations,bybit,liquidations,btcusdt,2026-01-22,756
bybit_liquidations,bybit,liquidations,btcusdt,2026-01-23,1074
bybit_liquidations,bybit,liquidations,btcusdt,2026-01-24,87
bybit_liquidations,bybit,liquidations,btcusdt,2026-01-25,3471
bybit_liquidations,bybit,liquidations,btcusdt,2026-01-26,1021
bybit_liquidations,bybit,liquidations,btcusdt,2026-01-27,973
bybit_liquidations,bybit,liquidations,btcusdt,2026-01-28,917
bybit_liquidations,bybit,liquidations,btcusdt,2026-01-29,5917
bybit_liquidations,bybit,liquidations,btcusdt,2026-01-30,6483
bybit_liquidations,bybit,liquidations,btcusdt,2026-01-31,14299
bybit_liquidations,bybit,liquidations,btcusdt,2026-02-01,2706
bybit_liquidations,bybit,liquidations,btcusdt,2026-02-02,4028
bybit_liquidations,bybit,liquidations,btcusdt,2026-02-03,5925
bybit_liquidations,bybit,liquidations,btcusdt,2026-02-04,4441
bybit_liquidations,bybit,liquidations,btcusdt,2026-02-05,24310
bybit_liquidations,bybit,liquidations,btcusdt,2026-02-06,12364
bybit_liquidations,bybit,liquidations,btcusdt,2026-02-07,3000
bybit_liquidations,bybit,liquidations,btcusdt,2026-02-08,2536
bybit_liquidations,bybit,liquidations,btcusdt,2026-02-09,2598
bybit_liquidations,bybit,liquidations,btcusdt,2026-02-10,1923
bybit_liquidations,bybit,liquidations,btcusdt,2026-02-11,3978
bybit_liquidations,bybit,liquidations,btcusdt,2026-02-12,2095
bybit_liquidations,bybit,liquidations,btcusdt,2026-02-13,2087
bybit_liquidations,bybit,liquidations,btcusdt,2026-02-14,1306
bybit_liquidations,bybit,liquidations,btcusdt,2026-02-15,1798
bybit_liquidations,bybit,liquidations,btcusdt,2026-02-16,1748
bybit_liquidations,bybit,liquidations,btcusdt,2026-02-17,1491
bybit_liquidations,bybit,liquidations,btcusdt,2026-02-18,1781
bybit_liquidations,bybit,liquidations,btcusdt,2026-02-19,1189
bybit_liquidations,bybit,liquidations,btcusdt,2026-02-20,1504
bybit_liquidations,bybit,liquidations,btcusdt,2026-02-21,484
bybit_liquidations,bybit,liquidations,btcusdt,2026-02-22,447
bybit_liquidations,bybit,liquidations,btcusdt,2026-02-23,4466
bybit_liquidations,bybit,liquidations,btcusdt,2026-02-24,3216
bybit_liquidations,bybit,liquidations,btcusdt,2026-02-25,4511
bybit_liquidations,bybit,liquidations,btcusdt,2026-02-26,1469
bybit_liquidations,bybit,liquidations,btcusdt,2026-02-27,2048
bybit_liquidations,bybit,liquidations,btcusdt,2026-02-28,4741
binance_trades,binance,trades,ethusdt,2025-12-01,10475188
binance_trades,binance,trades,ethusdt,2025-12-02,8158010
binance_trades,binance,trades,ethusdt,2025-12-03,8723233
binance_trades,binance,trades,ethusdt,2025-12-04,7753902
binance_trades,binance,trades,ethusdt,2025-12-05,8369439
binance_trades,binance,trades,ethusdt,2025-12-06,2879276
binance_trades,binance,trades,ethusdt,2025-12-07,6493338
binance_trades,binance,trades,ethusdt,2025-12-08,7567418
binance_trades,binance,trades,ethusdt,2025-12-09,8904592
binance_trades,binance,trades,ethusdt,2025-12-10,9398690
binance_trades,binance,trades,ethusdt,2025-12-11,9099788
binance_trades,binance,trades,ethusdt,2025-12-12,8017905
binance_trades,binance,trades,ethusdt,2025-12-13,2455782
binance_trades,binance,trades,ethusdt,2025-12-14,4452072
binance_trades,binance,trades,ethusdt,2025-12-15,10128218
binance_trades,binance,trades,ethusdt,2025-12-16,8979194
binance_trades,binance,trades,ethusdt,2025-12-17,10384645
binance_trades,binance,trades,ethusdt,2025-12-18,11498172
binance_trades,binance,trades,ethusdt,2025-12-19,9817492
binance_trades,binance,trades,ethusdt,2025-12-20,1794126
binance_trades,binance,trades,ethusdt,2025-12-21,3361696
binance_trades,binance,trades,ethusdt,2025-12-22,7619042
binance_trades,binance,trades,ethusdt,2025-12-23,6846282
binance_trades,binance,trades,ethusdt,2025-12-24,4466930
binance_trades,binance,trades,ethusdt,2025-12-25,2958944
binance_trades,binance,trades,ethusdt,2025-12-26,5553722
binance_trades,binance,trades,ethusdt,2025-12-27,1352404
binance_trades,binance,trades,ethusdt,2025-12-28,1882393
binance_trades,binance,trades,ethusdt,2025-12-29,7102902
binance_trades,binance,trades,ethusdt,2025-12-30,4897271
binance_trades,binance,trades,ethusdt,2025-12-31,3582875
binance_trades,binance,trades,ethusdt,2026-01-01,1630690
binance_trades,binance,trades,ethusdt,2026-01-02,6758826
binance_trades,binance,trades,ethusdt,2026-01-03,2161378
binance_trades,binance,trades,ethusdt,2026-01-04,2979127
binance_trades,binance,trades,ethusdt,2026-01-05,6669638
binance_trades,binance,trades,ethusdt,2026-01-06,6393549
binance_trades,binance,trades,ethusdt,2026-01-07,6023222
binance_trades,binance,trades,ethusdt,2026-01-08,6088874
binance_trades,binance,trades,ethusdt,2026-01-09,5800879
binance_trades,binance,trades,ethusdt,2026-01-10,1071409
binance_trades,binance,trades,ethusdt,2026-01-11,2132705
binance_trades,binance,trades,ethusdt,2026-01-12,5697939
binance_trades,binance,trades,ethusdt,2026-01-13,6714779
binance_trades,binance,trades,ethusdt,2026-01-14,7698663
binance_trades,binance,trades,ethusdt,2026-01-15,6747184
binance_trades,binance,trades,ethusdt,2026-01-16,4174819
binance_trades,binance,trades,ethusdt,2026-01-17,1576756
binance_trades,binance,trades,ethusdt,2026-01-18,2658487
binance_trades,binance,trades,ethusdt,2026-01-19,5321605
binance_trades,binance,trades,ethusdt,2026-01-20,8125895
binance_trades,binance,trades,ethusdt,2026-01-21,9669745
binance_trades,binance,trades,ethusdt,2026-01-22,6462617
binance_trades,binance,trades,ethusdt,2026-01-23,6484605
binance_trades,binance,trades,ethusdt,2026-01-24,1450204
binance_trades,binance,trades,ethusdt,2026-01-25,5810665
binance_trades,binance,trades,ethusdt,2026-01-26,8044766
binance_trades,binance,trades,ethusdt,2026-01-27,6647131
binance_trades,binance,trades,ethusdt,2026-01-28,5683929
binance_trades,binance,trades,ethusdt,2026-01-29,8707125
binance_trades,binance,trades,ethusdt,2026-01-30,13376998
binance_trades,binance,trades,ethusdt,2026-01-31,15242016
binance_trades,binance,trades,ethusdt,2026-02-01,15342731
binance_trades,binance,trades,ethusdt,2026-02-02,21221430
binance_trades,binance,trades,ethusdt,2026-02-03,18297860
binance_trades,binance,trades,ethusdt,2026-02-04,18759982
binance_trades,binance,trades,ethusdt,2026-02-05,30864956
binance_trades,binance,trades,ethusdt,2026-02-06,24473366
binance_trades,binance,trades,ethusdt,2026-02-07,14846160
binance_trades,binance,trades,ethusdt,2026-02-08,8396008
binance_trades,binance,trades,ethusdt,2026-02-09,11520000
binance_trades,binance,trades,ethusdt,2026-02-10,9802469
binance_trades,binance,trades,ethusdt,2026-02-11,12639918
binance_trades,binance,trades,ethusdt,2026-02-12,10345169
binance_trades,binance,trades,ethusdt,2026-02-13,8579828
binance_trades,binance,trades,ethusdt,2026-02-14,4298604
binance_trades,binance,trades,ethusdt,2026-02-15,8339584
binance_trades,binance,trades,ethusdt,2026-02-16,7420286
binance_trades,binance,trades,ethusdt,2026-02-17,7923955
binance_trades,binance,trades,ethusdt,2026-02-18,7403537
binance_trades,binance,trades,ethusdt,2026-02-19,7059258
binance_trades,binance,trades,ethusdt,2026-02-20,7103706
binance_trades,binance,trades,ethusdt,2026-02-21,2752416
binance_trades,binance,trades,ethusdt,2026-02-22,2900224
binance_trades,binance,trades,ethusdt,2026-02-23,9337217
binance_trades,binance,trades,ethusdt,2026-02-24,8649923
binance_trades,binance,trades,ethusdt,2026-02-25,11251053
binance_trades,binance,trades,ethusdt,2026-02-26,8529524
binance_trades,binance,trades,ethusdt,2026-02-27,8776781
binance_trades,binance,trades,ethusdt,2026-02-28,10063274
binance_booktickers,binance,bbo,ethusdt,2025-12-01,1453969
binance_booktickers,binance,bbo,ethusdt,2025-12-02,1323714
binance_booktickers,binance,bbo,ethusdt,2025-12-03,1385981
binance_booktickers,binance,bbo,ethusdt,2025-12-04,1334437
binance_booktickers,binance,bbo,ethusdt,2025-12-05,1296912
binance_booktickers,binance,bbo,ethusdt,2025-12-06,1067209
binance_booktickers,binance,bbo,ethusdt,2025-12-07,1188587
binance_booktickers,binance,bbo,ethusdt,2025-12-08,1314503
binance_booktickers,binance,bbo,ethusdt,2025-12-09,1313566
binance_booktickers,binance,bbo,ethusdt,2025-12-10,1356817
binance_booktickers,binance,bbo,ethusdt,2025-12-11,1370705
binance_booktickers,binance,bbo,ethusdt,2025-12-12,1285272
binance_booktickers,binance,bbo,ethusdt,2025-12-13,1025039
binance_booktickers,binance,bbo,ethusdt,2025-12-14,1075567
binance_booktickers,binance,bbo,ethusdt,2025-12-15,1362374
binance_booktickers,binance,bbo,ethusdt,2025-12-16,1350348
binance_booktickers,binance,bbo,ethusdt,2025-12-17,1299385
binance_booktickers,binance,bbo,ethusdt,2025-12-18,1326902
binance_booktickers,binance,bbo,ethusdt,2025-12-19,1322376
binance_booktickers,binance,bbo,ethusdt,2025-12-20,902580
binance_booktickers,binance,bbo,ethusdt,2025-12-21,1013167
binance_booktickers,binance,bbo,ethusdt,2025-12-22,1302130
binance_booktickers,binance,bbo,ethusdt,2025-12-23,1247904
binance_booktickers,binance,bbo,ethusdt,2025-12-24,1100783
binance_booktickers,binance,bbo,ethusdt,2025-12-25,954383
binance_booktickers,binance,bbo,ethusdt,2025-12-26,1088100
binance_booktickers,binance,bbo,ethusdt,2025-12-27,798605
binance_booktickers,binance,bbo,ethusdt,2025-12-28,828192
binance_booktickers,binance,bbo,ethusdt,2025-12-29,1160985
binance_booktickers,binance,bbo,ethusdt,2025-12-30,1061906
binance_booktickers,binance,bbo,ethusdt,2025-12-31,1073001
binance_booktickers,binance,bbo,ethusdt,2026-01-01,881091
binance_booktickers,binance,bbo,ethusdt,2026-01-02,1198898
binance_booktickers,binance,bbo,ethusdt,2026-01-03,991001
binance_booktickers,binance,bbo,ethusdt,2026-01-04,1044759
binance_booktickers,binance,bbo,ethusdt,2026-01-05,1281854
binance_booktickers,binance,bbo,ethusdt,2026-01-06,1242260
binance_booktickers,binance,bbo,ethusdt,2026-01-07,1241089
binance_booktickers,binance,bbo,ethusdt,2026-01-08,1255039
binance_booktickers,binance,bbo,ethusdt,2026-01-09,1156701
binance_booktickers,binance,bbo,ethusdt,2026-01-10,880770
binance_booktickers,binance,bbo,ethusdt,2026-01-11,950649
binance_booktickers,binance,bbo,ethusdt,2026-01-12,1210028
binance_booktickers,binance,bbo,ethusdt,2026-01-13,1212396
binance_booktickers,binance,bbo,ethusdt,2026-01-14,1348941
binance_booktickers,binance,bbo,ethusdt,2026-01-15,1347531
binance_booktickers,binance,bbo,ethusdt,2026-01-16,1092608
binance_booktickers,binance,bbo,ethusdt,2026-01-17,932889
binance_booktickers,binance,bbo,ethusdt,2026-01-18,889316
binance_booktickers,binance,bbo,ethusdt,2026-01-19,1106657
binance_booktickers,binance,bbo,ethusdt,2026-01-20,1274251
binance_booktickers,binance,bbo,ethusdt,2026-01-21,1294246
binance_booktickers,binance,bbo,ethusdt,2026-01-22,1170560
binance_booktickers,binance,bbo,ethusdt,2026-01-23,1174879
binance_booktickers,binance,bbo,ethusdt,2026-01-24,812108
binance_booktickers,binance,bbo,ethusdt,2026-01-25,1063863
binance_booktickers,binance,bbo,ethusdt,2026-01-26,1237430
binance_booktickers,binance,bbo,ethusdt,2026-01-27,1194235
binance_booktickers,binance,bbo,ethusdt,2026-01-28,1203983
binance_booktickers,binance,bbo,ethusdt,2026-01-29,1265544
binance_booktickers,binance,bbo,ethusdt,2026-01-30,1349305
binance_booktickers,binance,bbo,ethusdt,2026-01-31,1249740
binance_booktickers,binance,bbo,ethusdt,2026-02-01,1438247
binance_booktickers,binance,bbo,ethusdt,2026-02-02,1446380
binance_booktickers,binance,bbo,ethusdt,2026-02-03,1430294
binance_booktickers,binance,bbo,ethusdt,2026-02-04,1423821
binance_booktickers,binance,bbo,ethusdt,2026-02-05,1571770
binance_booktickers,binance,bbo,ethusdt,2026-02-06,1572412
binance_booktickers,binance,bbo,ethusdt,2026-02-07,1358592
binance_booktickers,binance,bbo,ethusdt,2026-02-08,1193098
binance_booktickers,binance,bbo,ethusdt,2026-02-09,1330922
binance_booktickers,binance,bbo,ethusdt,2026-02-10,1309146
binance_booktickers,binance,bbo,ethusdt,2026-02-11,1348513
binance_booktickers,binance,bbo,ethusdt,2026-02-12,1285753
binance_booktickers,binance,bbo,ethusdt,2026-02-13,1231414
binance_booktickers,binance,bbo,ethusdt,2026-02-14,1034861
binance_booktickers,binance,bbo,ethusdt,2026-02-15,1219525
binance_booktickers,binance,bbo,ethusdt,2026-02-16,1198199
binance_booktickers,binance,bbo,ethusdt,2026-02-17,1199333
binance_booktickers,binance,bbo,ethusdt,2026-02-18,1174849
binance_booktickers,binance,bbo,ethusdt,2026-02-19,1151634
binance_booktickers,binance,bbo,ethusdt,2026-02-20,1122414
binance_booktickers,binance,bbo,ethusdt,2026-02-21,834098
binance_booktickers,binance,bbo,ethusdt,2026-02-22,865047
binance_booktickers,binance,bbo,ethusdt,2026-02-23,1283443
binance_booktickers,binance,bbo,ethusdt,2026-02-24,1210432
binance_booktickers,binance,bbo,ethusdt,2026-02-25,1324383
binance_booktickers,binance,bbo,ethusdt,2026-02-26,1247485
binance_booktickers,binance,bbo,ethusdt,2026-02-27,1242072
binance_booktickers,binance,bbo,ethusdt,2026-02-28,1208879
binance_liquidations,binance,liquidations,ethusdt,2025-12-01,2699
binance_liquidations,binance,liquidations,ethusdt,2025-12-02,1654
binance_liquidations,binance,liquidations,ethusdt,2025-12-03,1894
binance_liquidations,binance,liquidations,ethusdt,2025-12-04,1787
binance_liquidations,binance,liquidations,ethusdt,2025-12-05,1928
binance_liquidations,binance,liquidations,ethusdt,2025-12-06,754
binance_liquidations,binance,liquidations,ethusdt,2025-12-07,1497
binance_liquidations,binance,liquidations,ethusdt,2025-12-08,1417
binance_liquidations,binance,liquidations,ethusdt,2025-12-09,1766
binance_liquidations,binance,liquidations,ethusdt,2025-12-10,1806
binance_liquidations,binance,liquidations,ethusdt,2025-12-11,2015
binance_liquidations,binance,liquidations,ethusdt,2025-12-12,1531
binance_liquidations,binance,liquidations,ethusdt,2025-12-13,602
binance_liquidations,binance,liquidations,ethusdt,2025-12-14,1064
binance_liquidations,binance,liquidations,ethusdt,2025-12-15,2115
binance_liquidations,binance,liquidations,ethusdt,2025-12-16,1608
binance_liquidations,binance,liquidations,ethusdt,2025-12-17,1969
binance_liquidations,binance,liquidations,ethusdt,2025-12-18,1933
binance_liquidations,binance,liquidations,ethusdt,2025-12-19,1523
binance_liquidations,binance,liquidations,ethusdt,2025-12-20,409
binance_liquidations,binance,liquidations,ethusdt,2025-12-21,870
binance_liquidations,binance,liquidations,ethusdt,2025-12-22,1149
binance_liquidations,binance,liquidations,ethusdt,2025-12-23,1057
binance_liquidations,binance,liquidations,ethusdt,2025-12-24,765
binance_liquidations,binance,liquidations,ethusdt,2025-12-25,637
binance_liquidations,binance,liquidations,ethusdt,2025-12-26,890
binance_liquidations,binance,liquidations,ethusdt,2025-12-27,290
binance_liquidations,binance,liquidations,ethusdt,2025-12-28,324
binance_liquidations,binance,liquidations,ethusdt,2025-12-29,1176
binance_liquidations,binance,liquidations,ethusdt,2025-12-30,789
binance_liquidations,binance,liquidations,ethusdt,2025-12-31,819
binance_liquidations,binance,liquidations,ethusdt,2026-01-01,493
binance_liquidations,binance,liquidations,ethusdt,2026-01-02,1239
binance_liquidations,binance,liquidations,ethusdt,2026-01-03,540
binance_liquidations,binance,liquidations,ethusdt,2026-01-04,648
binance_liquidations,binance,liquidations,ethusdt,2026-01-05,1268
binance_liquidations,binance,liquidations,ethusdt,2026-01-06,1362
binance_liquidations,binance,liquidations,ethusdt,2026-01-07,1117
binance_liquidations,binance,liquidations,ethusdt,2026-01-08,1251
binance_liquidations,binance,liquidations,ethusdt,2026-01-09,1078
binance_liquidations,binance,liquidations,ethusdt,2026-01-10,238
binance_liquidations,binance,liquidations,ethusdt,2026-01-11,392
binance_liquidations,binance,liquidations,ethusdt,2026-01-12,1050
binance_liquidations,binance,liquidations,ethusdt,2026-01-13,1107
binance_liquidations,binance,liquidations,ethusdt,2026-01-14,1428
binance_liquidations,binance,liquidations,ethusdt,2026-01-15,1259
binance_liquidations,binance,liquidations,ethusdt,2026-01-16,754
binance_liquidations,binance,liquidations,ethusdt,2026-01-17,331
binance_liquidations,binance,liquidations,ethusdt,2026-01-18,601
binance_liquidations,binance,liquidations,ethusdt,2026-01-19,982
binance_liquidations,binance,liquidations,ethusdt,2026-01-20,1664
binance_liquidations,binance,liquidations,ethusdt,2026-01-21,2139
binance_liquidations,binance,liquidations,ethusdt,2026-01-22,1215
binance_liquidations,binance,liquidations,ethusdt,2026-01-23,1112
binance_liquidations,binance,liquidations,ethusdt,2026-01-24,310
binance_liquidations,binance,liquidations,ethusdt,2026-01-25,1276
binance_liquidations,binance,liquidations,ethusdt,2026-01-26,1253
binance_liquidations,binance,liquidations,ethusdt,2026-01-27,1222
binance_liquidations,binance,liquidations,ethusdt,2026-01-28,1102
binance_liquidations,binance,liquidations,ethusdt,2026-01-29,1913
binance_liquidations,binance,liquidations,ethusdt,2026-01-30,2497
binance_liquidations,binance,liquidations,ethusdt,2026-01-31,3056
binance_liquidations,binance,liquidations,ethusdt,2026-02-01,2950
binance_liquidations,binance,liquidations,ethusdt,2026-02-02,3116
binance_liquidations,binance,liquidations,ethusdt,2026-02-03,3227
binance_liquidations,binance,liquidations,ethusdt,2026-02-04,2893
binance_liquidations,binance,liquidations,ethusdt,2026-02-05,5313
binance_liquidations,binance,liquidations,ethusdt,2026-02-06,4242
binance_liquidations,binance,liquidations,ethusdt,2026-02-07,2368
binance_liquidations,binance,liquidations,ethusdt,2026-02-08,1480
binance_liquidations,binance,liquidations,ethusdt,2026-02-09,1863
binance_liquidations,binance,liquidations,ethusdt,2026-02-10,1463
binance_liquidations,binance,liquidations,ethusdt,2026-02-11,2281
binance_liquidations,binance,liquidations,ethusdt,2026-02-12,1754
binance_liquidations,binance,liquidations,ethusdt,2026-02-13,1440
binance_liquidations,binance,liquidations,ethusdt,2026-02-14,970
binance_liquidations,binance,liquidations,ethusdt,2026-02-15,1652
binance_liquidations,binance,liquidations,ethusdt,2026-02-16,1321
binance_liquidations,binance,liquidations,ethusdt,2026-02-17,1317
binance_liquidations,binance,liquidations,ethusdt,2026-02-18,1298
binance_liquidations,binance,liquidations,ethusdt,2026-02-19,1218
binance_liquidations,binance,liquidations,ethusdt,2026-02-20,1106
binance_liquidations,binance,liquidations,ethusdt,2026-02-21,443
binance_liquidations,binance,liquidations,ethusdt,2026-02-22,601
binance_liquidations,binance,liquidations,ethusdt,2026-02-23,1935
binance_liquidations,binance,liquidations,ethusdt,2026-02-24,1544
binance_liquidations,binance,liquidations,ethusdt,2026-02-25,2091
binance_liquidations,binance,liquidations,ethusdt,2026-02-26,1585
binance_liquidations,binance,liquidations,ethusdt,2026-02-27,1602
binance_liquidations,binance,liquidations,ethusdt,2026-02-28,2062
bybit_liquidations,bybit,liquidations,ethusdt,2025-12-01,4696
bybit_liquidations,bybit,liquidations,ethusdt,2025-12-02,1549
bybit_liquidations,bybit,liquidations,ethusdt,2025-12-03,2032
bybit_liquidations,bybit,liquidations,ethusdt,2025-12-04,1680
bybit_liquidations,bybit,liquidations,ethusdt,2025-12-05,1907
bybit_liquidations,bybit,liquidations,ethusdt,2025-12-06,396
bybit_liquidations,bybit,liquidations,ethusdt,2025-12-07,2311
bybit_liquidations,bybit,liquidations,ethusdt,2025-12-08,1095
bybit_liquidations,bybit,liquidations,ethusdt,2025-12-09,2121
bybit_liquidations,bybit,liquidations,ethusdt,2025-12-10,1825
bybit_liquidations,bybit,liquidations,ethusdt,2025-12-11,1993
bybit_liquidations,bybit,liquidations,ethusdt,2025-12-12,2153
bybit_liquidations,bybit,liquidations,ethusdt,2025-12-13,344
bybit_liquidations,bybit,liquidations,ethusdt,2025-12-14,1237
bybit_liquidations,bybit,liquidations,ethusdt,2025-12-15,3895
bybit_liquidations,bybit,liquidations,ethusdt,2025-12-16,1741
bybit_liquidations,bybit,liquidations,ethusdt,2025-12-17,3554
bybit_liquidations,bybit,liquidations,ethusdt,2025-12-18,2464
bybit_liquidations,bybit,liquidations,ethusdt,2025-12-19,1385
bybit_liquidations,bybit,liquidations,ethusdt,2025-12-20,115
bybit_liquidations,bybit,liquidations,ethusdt,2025-12-21,643
bybit_liquidations,bybit,liquidations,ethusdt,2025-12-22,1318
bybit_liquidations,bybit,liquidations,ethusdt,2025-12-23,1216
bybit_liquidations,bybit,liquidations,ethusdt,2025-12-24,671
bybit_liquidations,bybit,liquidations,ethusdt,2025-12-25,546
bybit_liquidations,bybit,liquidations,ethusdt,2025-12-26,653
bybit_liquidations,bybit,liquidations,ethusdt,2025-12-27,140
bybit_liquidations,bybit,liquidations,ethusdt,2025-12-28,144
bybit_liquidations,bybit,liquidations,ethusdt,2025-12-29,1227
bybit_liquidations,bybit,liquidations,ethusdt,2025-12-30,496
bybit_liquidations,bybit,liquidations,ethusdt,2025-12-31,431
bybit_liquidations,bybit,liquidations,ethusdt,2026-01-01,117
bybit_liquidations,bybit,liquidations,ethusdt,2026-01-02,1518
bybit_liquidations,bybit,liquidations,ethusdt,2026-01-03,243
bybit_liquidations,bybit,liquidations,ethusdt,2026-01-04,522
bybit_liquidations,bybit,liquidations,ethusdt,2026-01-05,1676
bybit_liquidations,bybit,liquidations,ethusdt,2026-01-06,1286
bybit_liquidations,bybit,liquidations,ethusdt,2026-01-07,987
bybit_liquidations,bybit,liquidations,ethusdt,2026-01-08,1239
bybit_liquidations,bybit,liquidations,ethusdt,2026-01-09,746
bybit_liquidations,bybit,liquidations,ethusdt,2026-01-10,59
bybit_liquidations,bybit,liquidations,ethusdt,2026-01-11,253
bybit_liquidations,bybit,liquidations,ethusdt,2026-01-12,840
bybit_liquidations,bybit,liquidations,ethusdt,2026-01-13,1895
bybit_liquidations,bybit,liquidations,ethusdt,2026-01-14,998
bybit_liquidations,bybit,liquidations,ethusdt,2026-01-15,840
bybit_liquidations,bybit,liquidations,ethusdt,2026-01-16,460
bybit_liquidations,bybit,liquidations,ethusdt,2026-01-17,128
bybit_liquidations,bybit,liquidations,ethusdt,2026-01-18,649
bybit_liquidations,bybit,liquidations,ethusdt,2026-01-19,1711
bybit_liquidations,bybit,liquidations,ethusdt,2026-01-20,4159
bybit_liquidations,bybit,liquidations,ethusdt,2026-01-21,2595
bybit_liquidations,bybit,liquidations,ethusdt,2026-01-22,780
bybit_liquidations,bybit,liquidations,ethusdt,2026-01-23,962
bybit_liquidations,bybit,liquidations,ethusdt,2026-01-24,86
bybit_liquidations,bybit,liquidations,ethusdt,2026-01-25,2736
bybit_liquidations,bybit,liquidations,ethusdt,2026-01-26,859
bybit_liquidations,bybit,liquidations,ethusdt,2026-01-27,874
bybit_liquidations,bybit,liquidations,ethusdt,2026-01-28,493
bybit_liquidations,bybit,liquidations,ethusdt,2026-01-29,2885
bybit_liquidations,bybit,liquidations,ethusdt,2026-01-30,4510
bybit_liquidations,bybit,liquidations,ethusdt,2026-01-31,14032
bybit_liquidations,bybit,liquidations,ethusdt,2026-02-01,3011
bybit_liquidations,bybit,liquidations,ethusdt,2026-02-02,3478
bybit_liquidations,bybit,liquidations,ethusdt,2026-02-03,4359
bybit_liquidations,bybit,liquidations,ethusdt,2026-02-04,3351
bybit_liquidations,bybit,liquidations,ethusdt,2026-02-05,11600
bybit_liquidations,bybit,liquidations,ethusdt,2026-02-06,5935
bybit_liquidations,bybit,liquidations,ethusdt,2026-02-07,2212
bybit_liquidations,bybit,liquidations,ethusdt,2026-02-08,1205
bybit_liquidations,bybit,liquidations,ethusdt,2026-02-09,1593
bybit_liquidations,bybit,liquidations,ethusdt,2026-02-10,1099
bybit_liquidations,bybit,liquidations,ethusdt,2026-02-11,2454
bybit_liquidations,bybit,liquidations,ethusdt,2026-02-12,1044
bybit_liquidations,bybit,liquidations,ethusdt,2026-02-13,1190
bybit_liquidations,bybit,liquidations,ethusdt,2026-02-14,675
bybit_liquidations,bybit,liquidations,ethusdt,2026-02-15,1940
bybit_liquidations,bybit,liquidations,ethusdt,2026-02-16,943
bybit_liquidations,bybit,liquidations,ethusdt,2026-02-17,933
bybit_liquidations,bybit,liquidations,ethusdt,2026-02-18,1200
bybit_liquidations,bybit,liquidations,ethusdt,2026-02-19,836
bybit_liquidations,bybit,liquidations,ethusdt,2026-02-20,691
bybit_liquidations,bybit,liquidations,ethusdt,2026-02-21,250
bybit_liquidations,bybit,liquidations,ethusdt,2026-02-22,379
bybit_liquidations,bybit,liquidations,ethusdt,2026-02-23,2819
bybit_liquidations,bybit,liquidations,ethusdt,2026-02-24,1638
bybit_liquidations,bybit,liquidations,ethusdt,2026-02-25,3146
bybit_liquidations,bybit,liquidations,ethusdt,2026-02-26,1078
bybit_liquidations,bybit,liquidations,ethusdt,2026-02-27,1596
bybit_liquidations,bybit,liquidations,ethusdt,2026-02-28,2443
